Node ID,Node Title,Centrality Authority/Agent x Agent,Centrality Betweenness/Agent x Agent,Centrality Betweenness/Agent x Agent/[unscaled],Clique Count/Agent x Agent,Centrality Closeness/Agent x Agent,Centrality Closeness/Agent x Agent/[unscaled],Clustering Coefficient Watts-Strogatz/Agent x Agent,Centrality Eigenvector/Agent x Agent,Centrality Hub/Agent x Agent,Centrality In Degree/Agent x Agent,Centrality In Degree/Agent x Agent/[unscaled],Centrality Information/Agent x Agent,Centrality Information/Agent x Agent/[unscaled],Centrality Inverse Closeness/Agent x Agent,Centrality Inverse Closeness/Agent x Agent/[unscaled],Node Levels/Agent x Agent,Centrality Out Degree/Agent x Agent,Centrality Out Degree/Agent x Agent/[unscaled],Simmelian Ties/Agent x Agent,Simmelian Ties/Agent x Agent/[unscaled],Centrality Total Degree/Agent x Agent,Centrality Total Degree/Agent x Agent/[unscaled],Component Members Weak/Agent x Agent,
1,1,1.0000,0.1769,7323.9136,7.0000,0.0113,0.0001,0.1209,1.0000,1.0000,0.0634,13.0000,0.0083,-0.0000,0.1871,38.1702,10.0000,0.0634,13.0000,0.0441,9.0000,0.0636,26.0000,1.0000,
2,2,0.2034,0.0022,92.0666,1.0000,0.0112,0.0001,0.1000,0.2034,0.2034,0.0195,4.0000,0.0083,-0.0000,0.1319,26.9101,11.0000,0.0195,4.0000,0.0098,2.0000,0.0196,8.0000,1.0000,
3,3,0.0000,0.0000,0.0000,0.0000,0.0049,0.0000,0.0000,0.0000,0.0000,0.0000,0.0000,-0.0000,0.0000,0.0000,0.0000,0.0000,0.0000,0.0000,0.0000,0.0000,0.0000,0.0000,2.0000,
4,4,0.0000,0.0000,0.0000,0.0000,0.0049,0.0000,0.0000,0.0000,0.0000,0.0000,0.0000,-0.0000,0.0000,0.0000,0.0000,0.0000,0.0000,0.0000,0.0000,0.0000,0.0000,0.0000,3.0000,
5,5,0.0000,0.0000,0.0000,0.0000,0.0110,0.0001,0.0000,0.0000,0.0000,0.0049,1.0000,0.0083,-0.0000,0.0767,15.6385,14.0000,0.0049,1.0000,0.0000,0.0000,0.0049,2.0000,1.0000,
6,6,0.0000,0.0000,0.0000,0.0000,0.0049,0.0000,0.0000,0.0000,0.0000,0.0000,0.0000,-0.0000,0.0000,0.0000,0.0000,0.0000,0.0000,0.0000,0.0000,0.0000,0.0000,0.0000,4.0000,
7,7,0.0000,0.0000,0.0000,0.0000,0.0049,0.0000,0.0000,0.0000,0.0000,0.0000,0.0000,-0.0000,0.0000,0.0000,0.0000,0.0000,0.0000,0.0000,0.0000,0.0000,0.0000,0.0000,5.0000,
8,8,0.0041,0.0000,0.0000,1.0000,0.0112,0.0001,0.5000,0.0041,0.0041,0.0146,3.0000,0.0083,-0.0000,0.1249,25.4870,11.0000,0.0146,3.0000,0.0147,3.0000,0.0147,6.0000,1.0000,
9,9,0.0002,0.0113,470.0000,1.0000,0.0111,0.0001,0.1000,0.0002,0.0002,0.0195,4.0000,0.0083,-0.0000,0.0997,20.3304,13.0000,0.0195,4.0000,0.0098,2.0000,0.0196,8.0000,1.0000,
10,10,0.0000,0.0000,0.0000,0.0000,0.0049,0.0000,0.0000,0.0000,0.0000,0.0000,0.0000,-0.0000,0.0000,0.0000,0.0000,0.0000,0.0000,0.0000,0.0000,0.0000,0.0000,0.0000,6.0000,
11,11,0.0000,0.0000,0.0000,1.0000,0.0111,0.0001,0.3333,0.0000,0.0000,0.0098,2.0000,0.0083,-0.0000,0.1040,21.2066,15.0000,0.0098,2.0000,0.0098,2.0000,0.0098,4.0000,1.0000,
12,12,0.0000,0.0000,0.0000,0.0000,0.0049,0.0000,0.0000,0.0000,0.0000,0.0000,0.0000,-0.0000,0.0000,0.0000,0.0000,0.0000,0.0000,0.0000,0.0000,0.0000,0.0000,0.0000,7.0000,
13,13,0.0000,0.0019,77.2500,0.0000,0.0112,0.0001,0.0000,0.0000,0.0000,0.0098,2.0000,0.0083,-0.0000,0.1122,22.8907,14.0000,0.0098,2.0000,0.0000,0.0000,0.0098,4.0000,1.0000,
14,14,1.0000,0.0000,0.0000,0.0000,0.0049,0.0000,0.0000,0.7071,1.0000,0.0049,1.0000,-0.0012,0.0000,0.0074,1.5000,2.0000,0.0049,1.0000,0.0000,0.0000,0.0049,2.0000,8.0000,
15,15,0.0003,0.0045,185.6190,3.0000,0.0112,0.0001,0.3000,0.0003,0.0003,0.0195,4.0000,0.0083,-0.0000,0.1343,27.4040,13.0000,0.0195,4.0000,0.0196,4.0000,0.0196,8.0000,1.0000,
16,16,0.0007,0.0057,236.0000,0.0000,0.0112,0.0001,0.0000,0.0007,0.0007,0.0098,2.0000,0.0083,-0.0000,0.1144,23.3430,11.0000,0.0098,2.0000,0.0000,0.0000,0.0098,4.0000,1.0000,
17,17,0.0000,0.0000,0.0000,0.0000,0.0049,0.0000,0.0000,1.0000,0.0000,0.0049,1.0000,-0.0005,0.0000,0.0049,1.0000,1.0000,0.0049,1.0000,0.0000,0.0000,0.0049,2.0000,9.0000,
18,18,0.0212,0.0114,471.0000,2.0000,0.0111,0.0001,0.2000,0.0212,0.0212,0.0195,4.0000,0.0083,-0.0000,0.1063,21.6864,13.0000,0.0195,4.0000,0.0147,3.0000,0.0196,8.0000,1.0000,
19,19,0.0000,0.0000,0.0000,0.0000,0.0110,0.0001,0.0000,0.0000,0.0000,0.0049,1.0000,0.0083,-0.0000,0.0807,16.4710,14.0000,0.0049,1.0000,0.0000,0.0000,0.0049,2.0000,1.0000,
20,20,0.0000,0.0000,0.0000,0.0000,0.0049,0.0000,0.0000,0.0000,0.0000,0.0000,0.0000,-0.0000,0.0000,0.0000,0.0000,0.0000,0.0000,0.0000,0.0000,0.0000,0.0000,0.0000,10.0000,
21,21,0.0009,0.0677,2802.0525,0.0000,0.0113,0.0001,0.0000,0.0009,0.0009,0.0146,3.0000,0.0083,-0.0000,0.1406,28.6905,11.0000,0.0146,3.0000,0.0000,0.0000,0.0147,6.0000,1.0000,
22,22,0.0004,0.0091,378.1625,6.0000,0.0113,0.0001,0.2857,0.0005,0.0004,0.0293,6.0000,0.0083,-0.0000,0.1455,29.6867,12.0000,0.0293,6.0000,0.0294,6.0000,0.0293,12.0000,1.0000,
23,23,1.0000,0.0000,0.0000,0.0000,0.0050,0.0000,0.0000,0.5774,1.0000,0.0049,1.0000,0.0005,-0.0000,0.0098,2.0000,2.0000,0.0049,1.0000,0.0000,0.0000,0.0049,2.0000,11.0000,
24,24,0.0000,0.0000,0.0000,0.0000,0.0049,0.0000,0.0000,0.0000,0.0000,0.0000,0.0000,-0.0000,0.0000,0.0000,0.0000,0.0000,0.0000,0.0000,0.0000,0.0000,0.0000,0.0000,12.0000,
25,25,0.5164,0.0224,927.0001,3.0000,0.0113,0.0001,0.1786,0.5164,0.5164,0.0341,7.0000,0.0083,-0.0000,0.1515,30.9013,11.0000,0.0341,7.0000,0.0294,6.0000,0.0342,14.0000,1.0000,
26,26,0.0000,0.0000,0.0000,0.0000,0.0049,0.0000,0.0000,0.0000,0.0000,0.0000,0.0000,-0.0000,0.0000,0.0000,0.0000,0.0000,0.0000,0.0000,0.0000,0.0000,0.0000,0.0000,13.0000,
27,27,0.0000,0.0000,2.0000,0.0000,0.0049,0.0000,0.0000,1.0000,0.0000,0.0098,2.0000,-0.0006,0.0000,0.0098,2.0000,1.0000,0.0098,2.0000,0.0000,0.0000,0.0098,4.0000,14.0000,
28,28,0.0000,0.0000,0.0000,0.0000,0.0049,0.0000,0.0000,0.0000,0.0000,0.0000,0.0000,-0.0000,0.0000,0.0000,0.0000,0.0000,0.0000,0.0000,0.0000,0.0000,0.0000,0.0000,15.0000,
29,29,0.0001,0.0000,0.0000,1.0000,0.0112,0.0001,0.3333,0.0001,0.0001,0.0098,2.0000,0.0083,-0.0000,0.1090,22.2267,13.0000,0.0098,2.0000,0.0098,2.0000,0.0098,4.0000,1.0000,
30,30,0.0042,0.0327,1356.0000,1.0000,0.0112,0.0001,0.3000,0.0042,0.0042,0.0195,4.0000,0.0083,-0.0000,0.1302,26.5703,11.0000,0.0195,4.0000,0.0147,3.0000,0.0196,8.0000,1.0000,
31,31,0.0029,0.0000,0.0000,1.0000,0.0110,0.0001,0.3333,0.0029,0.0029,0.0098,2.0000,0.0083,-0.0000,0.0844,17.2112,15.0000,0.0098,2.0000,0.0098,2.0000,0.0098,4.0000,1.0000,
32,32,0.0003,0.0000,0.0000,0.0000,0.0112,0.0001,0.0000,0.0003,0.0003,0.0049,1.0000,0.0083,-0.0000,0.1094,22.3252,11.0000,0.0049,1.0000,0.0000,0.0000,0.0049,2.0000,1.0000,
33,33,0.0006,0.0000,0.0000,0.0000,0.0112,0.0001,0.0000,0.0006,0.0006,0.0049,1.0000,0.0083,-0.0000,0.1112,22.6763,11.0000,0.0049,1.0000,0.0000,0.0000,0.0049,2.0000,1.0000,
34,34,0.0003,0.0057,236.0000,0.0000,0.0112,0.0001,0.0000,0.0003,0.0003,0.0098,2.0000,0.0083,-0.0000,0.1008,20.5696,12.0000,0.0098,2.0000,0.0000,0.0000,0.0098,4.0000,1.0000,
35,35,0.0000,0.0000,0.0000,0.0000,0.0049,0.0000,0.0000,0.0000,0.0000,0.0000,0.0000,-0.0000,0.0000,0.0000,0.0000,0.0000,0.0000,0.0000,0.0000,0.0000,0.0000,0.0000,16.0000,
36,36,0.0000,0.0001,6.0000,0.0000,0.0050,0.0000,0.0000,1.0000,0.0000,0.0146,3.0000,0.0005,-0.0000,0.0147,3.0000,1.0000,0.0146,3.0000,0.0000,0.0000,0.0147,6.0000,11.0000,
37,37,0.0000,0.0000,0.0000,0.0000,0.0049,0.0000,0.0000,0.0000,0.0000,0.0000,0.0000,-0.0000,0.0000,0.0000,0.0000,0.0000,0.0000,0.0000,0.0000,0.0000,0.0000,0.0000,17.0000,
38,38,0.0000,0.0000,0.0000,0.0000,0.0049,0.0000,0.0000,1.0000,0.0000,0.0049,1.0000,0.0002,-0.0000,0.0049,1.0000,1.0000,0.0049,1.0000,0.0000,0.0000,0.0049,2.0000,18.0000,
39,39,0.0000,0.0000,0.0000,0.0000,0.0049,0.0000,0.0000,0.0000,0.0000,0.0000,0.0000,-0.0000,0.0000,0.0000,0.0000,0.0000,0.0000,0.0000,0.0000,0.0000,0.0000,0.0000,19.0000,
40,40,0.0001,0.0000,0.0000,0.0000,0.0112,0.0001,0.0000,0.0001,0.0001,0.0049,1.0000,0.0083,-0.0000,0.0937,19.1082,12.0000,0.0049,1.0000,0.0000,0.0000,0.0049,2.0000,1.0000,
41,41,0.0000,0.0000,0.0000,0.0000,0.0049,0.0000,0.0000,0.0000,0.0000,0.0000,0.0000,-0.0000,0.0000,0.0000,0.0000,0.0000,0.0000,0.0000,0.0000,0.0000,0.0000,0.0000,20.0000,
42,42,0.0000,0.0000,0.0000,0.0000,0.0049,0.0000,0.0000,0.0000,0.0000,0.0000,0.0000,-0.0000,0.0000,0.0000,0.0000,0.0000,0.0000,0.0000,0.0000,0.0000,0.0000,0.0000,21.0000,
43,43,0.1359,0.0000,1.0000,2.0000,0.0112,0.0001,0.3333,0.1359,0.1359,0.0146,3.0000,0.0083,-0.0000,0.1167,23.8130,12.0000,0.0146,3.0000,0.0147,3.0000,0.0147,6.0000,1.0000,
44,44,0.0000,0.0001,4.0000,2.0000,0.0111,0.0001,0.3333,0.0000,0.0000,0.0146,3.0000,0.0083,-0.0000,0.1089,22.2066,15.0000,0.0146,3.0000,0.0147,3.0000,0.0147,6.0000,1.0000,
45,45,0.0000,0.0000,0.0000,0.0000,0.0049,0.0000,0.0000,0.0000,0.0000,0.0000,0.0000,-0.0000,0.0000,0.0000,0.0000,0.0000,0.0000,0.0000,0.0000,0.0000,0.0000,0.0000,22.0000,
46,46,0.0000,0.0000,0.0000,0.0000,0.0049,0.0000,0.0000,0.0000,0.0000,0.0000,0.0000,-0.0000,0.0000,0.0000,0.0000,0.0000,0.0000,0.0000,0.0000,0.0000,0.0000,0.0000,23.0000,
47,47,0.0003,0.0898,3717.9121,5.0000,0.0113,0.0001,0.1111,0.0004,0.0003,0.0439,9.0000,0.0083,-0.0000,0.1631,33.2663,13.0000,0.0439,9.0000,0.0294,6.0000,0.0440,18.0000,1.0000,
48,48,0.0000,0.0000,0.0000,0.0000,0.0049,0.0000,0.0000,0.0000,0.0000,0.0000,0.0000,-0.0000,0.0000,0.0000,0.0000,0.0000,0.0000,0.0000,0.0000,0.0000,0.0000,0.0000,24.0000,
49,49,0.0000,0.0000,0.0000,0.0000,0.0049,0.0000,0.0000,0.0000,0.0000,0.0000,0.0000,-0.0000,0.0000,0.0000,0.0000,0.0000,0.0000,0.0000,0.0000,0.0000,0.0000,0.0000,25.0000,
50,50,0.0000,0.0000,0.0000,0.0000,0.0049,0.0000,0.0000,0.0000,0.0000,0.0000,0.0000,-0.0000,0.0000,0.0000,0.0000,0.0000,0.0000,0.0000,0.0000,0.0000,0.0000,0.0000,26.0000,
51,51,0.0001,0.0001,4.0000,2.0000,0.0112,0.0001,0.3333,0.0001,0.0001,0.0146,3.0000,0.0083,-0.0000,0.1129,23.0267,13.0000,0.0146,3.0000,0.0147,3.0000,0.0147,6.0000,1.0000,
52,52,0.3403,0.0026,108.8571,2.0000,0.0113,0.0001,0.2000,0.3403,0.3403,0.0195,4.0000,0.0083,-0.0000,0.1431,29.1918,11.0000,0.0195,4.0000,0.0196,4.0000,0.0196,8.0000,1.0000,
53,53,0.0000,0.0000,0.0000,1.0000,0.0111,0.0001,0.3333,0.0000,0.0000,0.0098,2.0000,0.0083,-0.0000,0.0914,18.6509,16.0000,0.0098,2.0000,0.0098,2.0000,0.0098,4.0000,1.0000,
54,54,0.0008,0.0275,1140.0000,1.0000,0.0112,0.0001,0.1667,0.0008,0.0008,0.0146,3.0000,0.0083,-0.0000,0.1117,22.7906,12.0000,0.0146,3.0000,0.0098,2.0000,0.0147,6.0000,1.0000,
55,55,0.0004,0.0280,1160.1359,6.0000,0.0112,0.0001,0.1333,0.0005,0.0004,0.0439,9.0000,0.0083,-0.0000,0.1450,29.5760,12.0000,0.0439,9.0000,0.0392,8.0000,0.0440,18.0000,1.0000,
56,56,0.0025,0.0057,236.0000,0.0000,0.0111,0.0001,0.0000,0.0025,0.0025,0.0098,2.0000,0.0083,-0.0000,0.0878,17.9040,14.0000,0.0098,2.0000,0.0000,0.0000,0.0098,4.0000,1.0000,
57,57,0.0000,0.0000,0.0000,0.0000,0.0049,0.0000,0.0000,1.0000,0.0000,0.0049,1.0000,-0.0008,0.0000,0.0049,1.0000,1.0000,0.0049,1.0000,0.0000,0.0000,0.0049,2.0000,27.0000,
58,58,0.1873,0.0984,4075.9468,0.0000,0.0113,0.0001,0.0000,0.1873,0.1873,0.0098,2.0000,0.0083,-0.0000,0.1469,29.9730,9.0000,0.0098,2.0000,0.0000,0.0000,0.0098,4.0000,1.0000,
59,59,0.0011,0.0127,526.0000,1.0000,0.0113,0.0001,0.1667,0.0011,0.0011,0.0146,3.0000,0.0083,-0.0000,0.1275,26.0072,11.0000,0.0146,3.0000,0.0098,2.0000,0.0147,6.0000,1.0000,
60,60,0.1179,0.0000,0.0000,1.0000,0.0112,0.0001,0.3333,0.1179,0.1179,0.0098,2.0000,0.0083,-0.0000,0.1143,23.3130,12.0000,0.0098,2.0000,0.0098,2.0000,0.0098,4.0000,1.0000,
61,61,0.0001,0.0039,161.1833,1.0000,0.0112,0.0001,0.1667,0.0001,0.0001,0.0146,3.0000,0.0083,-0.0000,0.1170,23.8720,13.0000,0.0146,3.0000,0.0098,2.0000,0.0147,6.0000,1.0000,
62,62,0.0000,0.0000,0.0000,0.0000,0.0049,0.0000,0.0000,0.0000,0.0000,0.0000,0.0000,-0.0000,0.0000,0.0000,0.0000,0.0000,0.0000,0.0000,0.0000,0.0000,0.0000,0.0000,28.0000,
63,63,0.0040,0.0057,236.0000,0.0000,0.0111,0.0001,0.0000,0.0040,0.0040,0.0098,2.0000,0.0083,-0.0000,0.0886,18.0707,14.0000,0.0098,2.0000,0.0000,0.0000,0.0098,4.0000,1.0000,
64,64,0.0004,0.0057,234.5477,4.0000,0.0112,0.0001,0.2667,0.0004,0.0004,0.0244,5.0000,0.0083,-0.0000,0.1370,27.9427,12.0000,0.0244,5.0000,0.0245,5.0000,0.0244,10.0000,1.0000,
65,65,0.0010,0.0000,0.0000,1.0000,0.0112,0.0001,0.3333,0.0010,0.0010,0.0098,2.0000,0.0083,-0.0000,0.1143,23.3263,11.0000,0.0098,2.0000,0.0098,2.0000,0.0098,4.0000,1.0000,
66,66,0.0002,0.0058,238.9000,2.0000,0.0112,0.0001,0.2000,0.0002,0.0002,0.0195,4.0000,0.0083,-0.0000,0.1200,24.4886,13.0000,0.0195,4.0000,0.0147,3.0000,0.0196,8.0000,1.0000,
67,67,0.0000,0.0000,0.0000,0.0000,0.0049,0.0000,0.0000,0.0000,0.0000,0.0000,0.0000,-0.0000,0.0000,0.0000,0.0000,0.0000,0.0000,0.0000,0.0000,0.0000,0.0000,0.0000,29.0000,
68,68,1.0000,0.0000,0.0000,0.0000,0.0049,0.0000,0.0000,0.7071,1.0000,0.0049,1.0000,-0.0006,0.0000,0.0074,1.5000,2.0000,0.0049,1.0000,0.0000,0.0000,0.0049,2.0000,14.0000,
69,69,0.0000,0.0000,0.0000,0.0000,0.0049,0.0000,0.0000,0.0000,0.0000,0.0000,0.0000,-0.0000,0.0000,0.0000,0.0000,0.0000,0.0000,0.0000,0.0000,0.0000,0.0000,0.0000,30.0000,
70,70,0.1988,0.0429,1776.0000,1.0000,0.0113,0.0001,0.1667,0.1988,0.1988,0.0146,3.0000,0.0083,-0.0000,0.1409,28.7513,11.0000,0.0146,3.0000,0.0098,2.0000,0.0147,6.0000,1.0000,
71,71,0.0005,0.0000,0.0000,0.0000,0.0110,0.0001,0.0000,0.0005,0.0005,0.0049,1.0000,0.0083,-0.0000,0.0743,15.1494,15.0000,0.0049,1.0000,0.0000,0.0000,0.0049,2.0000,1.0000,
72,72,0.0000,0.0000,0.0000,0.0000,0.0049,0.0000,0.0000,0.0000,0.0000,0.0000,0.0000,-0.0000,0.0000,0.0000,0.0000,0.0000,0.0000,0.0000,0.0000,0.0000,0.0000,0.0000,31.0000,
73,73,0.0000,0.0000,0.0000,0.0000,0.0049,0.0000,0.0000,0.0000,0.0000,0.0000,0.0000,-0.0000,0.0000,0.0000,0.0000,0.0000,0.0000,0.0000,0.0000,0.0000,0.0000,0.0000,32.0000,
74,74,0.0001,0.0382,1584.0000,2.0000,0.0112,0.0001,0.1333,0.0001,0.0001,0.0244,5.0000,0.0083,-0.0000,0.1337,27.2720,14.0000,0.0244,5.0000,0.0147,3.0000,0.0244,10.0000,1.0000,
75,75,0.0003,0.0168,696.0001,0.0000,0.0112,0.0001,0.0000,0.0003,0.0003,0.0098,2.0000,0.0083,-0.0000,0.1033,21.0696,12.0000,0.0098,2.0000,0.0000,0.0000,0.0098,4.0000,1.0000,
76,76,0.0001,0.0000,0.0000,1.0000,0.0112,0.0001,0.3333,0.0001,0.0001,0.0098,2.0000,0.0083,-0.0000,0.1117,22.7949,13.0000,0.0098,2.0000,0.0098,2.0000,0.0098,4.0000,1.0000,
77,77,0.1179,0.0000,0.0000,1.0000,0.0112,0.0001,0.3333,0.1179,0.1179,0.0098,2.0000,0.0083,-0.0000,0.1143,23.3130,12.0000,0.0098,2.0000,0.0098,2.0000,0.0098,4.0000,1.0000,
78,78,0.0501,0.0000,0.0000,0.0000,0.0111,0.0001,0.0000,0.0501,0.0501,0.0049,1.0000,0.0083,-0.0000,0.0980,19.9944,13.0000,0.0049,1.0000,0.0000,0.0000,0.0049,2.0000,1.0000,
79,79,0.0001,0.0276,1144.0000,2.0000,0.0112,0.0001,0.2667,0.0001,0.0001,0.0244,5.0000,0.0083,-0.0000,0.1312,26.7720,14.0000,0.0244,5.0000,0.0196,4.0000,0.0244,10.0000,1.0000,
80,80,0.0000,0.0000,0.0000,0.0000,0.0049,0.0000,0.0000,0.0000,0.0000,0.0000,0.0000,-0.0000,0.0000,0.0000,0.0000,0.0000,0.0000,0.0000,0.0000,0.0000,0.0000,0.0000,33.0000,
81,81,0.6180,0.0000,0.0000,0.0000,0.0050,0.0000,0.0000,0.6180,0.6180,0.0049,1.0000,0.0020,-0.0000,0.0090,1.8333,3.0000,0.0049,1.0000,0.0000,0.0000,0.0049,2.0000,34.0000,
82,82,0.0000,0.0000,0.0000,0.0000,0.0111,0.0001,0.0000,0.0000,0.0000,0.0049,1.0000,0.0083,-0.0000,0.0940,19.1733,14.0000,0.0049,1.0000,0.0000,0.0000,0.0049,2.0000,1.0000,
83,83,0.0000,0.0000,0.0000,1.0000,0.0111,0.0001,0.3333,0.0000,0.0000,0.0098,2.0000,0.0083,-0.0000,0.0914,18.6509,16.0000,0.0098,2.0000,0.0098,2.0000,0.0098,4.0000,1.0000,
84,84,0.0000,0.0000,0.0000,0.0000,0.0049,0.0000,0.0000,0.0000,0.0000,0.0000,0.0000,-0.0000,0.0000,0.0000,0.0000,0.0000,0.0000,0.0000,0.0000,0.0000,0.0000,0.0000,35.0000,
85,85,0.0000,0.0000,0.0000,0.0000,0.0049,0.0000,0.0000,0.0000,0.0000,0.0000,0.0000,-0.0000,0.0000,0.0000,0.0000,0.0000,0.0000,0.0000,0.0000,0.0000,0.0000,0.0000,36.0000,
86,86,0.0001,0.0000,0.0000,0.0000,0.0112,0.0001,0.0000,0.0001,0.0001,0.0049,1.0000,0.0083,-0.0000,0.1065,21.7267,13.0000,0.0049,1.0000,0.0000,0.0000,0.0049,2.0000,1.0000,
87,87,0.8580,0.0196,811.6332,6.0000,0.0113,0.0001,0.1818,0.8580,0.8580,0.0488,10.0000,0.0083,-0.0000,0.1647,33.6085,11.0000,0.0488,10.0000,0.0441,9.0000,0.0489,20.0000,1.0000,
88,88,0.1952,0.0000,0.0000,1.0000,0.0112,0.0001,0.3333,0.1952,0.1952,0.0098,2.0000,0.0083,-0.0000,0.1212,24.7261,12.0000,0.0098,2.0000,0.0098,2.0000,0.0098,4.0000,1.0000,
89,89,1.0000,0.0001,4.0000,0.0000,0.0050,0.0000,0.0000,1.0000,1.0000,0.0098,2.0000,0.0020,-0.0000,0.0123,2.5000,2.0000,0.0098,2.0000,0.0000,0.0000,0.0098,4.0000,34.0000,
90,90,0.0000,0.0000,0.0000,0.0000,0.0049,0.0000,0.0000,1.0000,0.0000,0.0049,1.0000,0.0002,-0.0000,0.0049,1.0000,1.0000,0.0049,1.0000,0.0000,0.0000,0.0049,2.0000,37.0000,
91,91,0.0003,0.0000,0.0000,0.0000,0.0112,0.0001,0.0000,0.0003,0.0003,0.0049,1.0000,0.0083,-0.0000,0.0976,19.9029,12.0000,0.0049,1.0000,0.0000,0.0000,0.0049,2.0000,1.0000,
92,92,0.5349,0.0002,6.6667,2.0000,0.0113,0.0001,0.5000,0.5349,0.5349,0.0195,4.0000,0.0083,-0.0000,0.1449,29.5680,11.0000,0.0195,4.0000,0.0196,4.0000,0.0196,8.0000,1.0000,
93,93,1.0000,0.0000,0.0000,0.0000,0.0049,0.0000,0.0000,0.7071,1.0000,0.0049,1.0000,-0.0006,0.0000,0.0074,1.5000,2.0000,0.0049,1.0000,0.0000,0.0000,0.0049,2.0000,14.0000,
94,94,0.0000,0.0000,0.0000,0.0000,0.0049,0.0000,0.0000,0.0000,0.0000,0.0000,0.0000,-0.0000,0.0000,0.0000,0.0000,0.0000,0.0000,0.0000,0.0000,0.0000,0.0000,0.0000,38.0000,
95,95,0.0000,0.0000,0.0000,0.0000,0.0049,0.0000,0.0000,0.0000,0.0000,0.0000,0.0000,-0.0000,0.0000,0.0000,0.0000,0.0000,0.0000,0.0000,0.0000,0.0000,0.0000,0.0000,39.0000,
96,96,0.6906,0.0237,980.9338,6.0000,0.0113,0.0001,0.2857,0.6906,0.6906,0.0341,7.0000,0.0083,-0.0000,0.1573,32.0918,11.0000,0.0341,7.0000,0.0343,7.0000,0.0342,14.0000,1.0000,
97,97,1.0000,0.0000,0.0000,0.0000,0.0050,0.0000,0.0000,0.5774,1.0000,0.0049,1.0000,0.0005,-0.0000,0.0098,2.0000,2.0000,0.0049,1.0000,0.0000,0.0000,0.0049,2.0000,11.0000,
98,98,1.0000,0.0000,0.0000,0.0000,0.0049,0.0000,0.0000,0.7071,1.0000,0.0049,1.0000,0.0012,-0.0000,0.0074,1.5000,2.0000,0.0049,1.0000,0.0000,0.0000,0.0049,2.0000,40.0000,
99,99,0.0000,0.0000,0.0000,1.0000,0.0111,0.0001,0.5000,0.0000,0.0000,0.0146,3.0000,0.0083,-0.0000,0.1051,21.4399,15.0000,0.0146,3.0000,0.0147,3.0000,0.0147,6.0000,1.0000,
100,100,0.4478,0.0192,795.3243,3.0000,0.0113,0.0001,0.2000,0.4478,0.4478,0.0244,5.0000,0.0083,-0.0000,0.1500,30.5918,11.0000,0.0244,5.0000,0.0196,4.0000,0.0244,10.0000,1.0000,
101,101,0.0000,0.0000,0.0000,0.0000,0.0111,0.0001,0.0000,0.0000,0.0000,0.0049,1.0000,0.0083,-0.0000,0.0857,17.4843,16.0000,0.0049,1.0000,0.0000,0.0000,0.0049,2.0000,1.0000,
102,102,0.0003,0.0670,2776.5403,2.0000,0.0113,0.0001,0.2000,0.0003,0.0003,0.0195,4.0000,0.0083,-0.0000,0.1481,30.2058,12.0000,0.0195,4.0000,0.0147,3.0000,0.0196,8.0000,1.0000,
103,103,0.0000,0.0000,0.0000,0.0000,0.0049,0.0000,0.0000,1.0000,0.0000,0.0049,1.0000,0.0002,-0.0000,0.0049,1.0000,1.0000,0.0049,1.0000,0.0000,0.0000,0.0049,2.0000,41.0000,
104,104,0.0044,0.0139,576.0000,2.0000,0.0113,0.0001,0.2667,0.0044,0.0044,0.0244,5.0000,0.0083,-0.0000,0.1361,27.7604,11.0000,0.0244,5.0000,0.0245,5.0000,0.0244,10.0000,1.0000,
105,105,0.0001,0.0000,0.0000,1.0000,0.0112,0.0001,0.3333,0.0001,0.0001,0.0098,2.0000,0.0083,-0.0000,0.1284,26.1873,13.0000,0.0098,2.0000,0.0098,2.0000,0.0098,4.0000,1.0000,
106,106,0.0000,0.0000,0.0000,0.0000,0.0049,0.0000,0.0000,0.0000,0.0000,0.0000,0.0000,-0.0000,0.0000,0.0000,0.0000,0.0000,0.0000,0.0000,0.0000,0.0000,0.0000,0.0000,42.0000,
107,107,0.0000,0.0000,0.0000,0.0000,0.0049,0.0000,0.0000,0.0000,0.0000,0.0000,0.0000,-0.0000,0.0000,0.0000,0.0000,0.0000,0.0000,0.0000,0.0000,0.0000,0.0000,0.0000,43.0000,
108,108,0.0000,0.0057,236.0000,1.0000,0.0111,0.0001,0.1667,0.0000,0.0000,0.0146,3.0000,0.0083,-0.0000,0.1059,21.6066,15.0000,0.0146,3.0000,0.0098,2.0000,0.0147,6.0000,1.0000,
109,109,0.0020,0.0057,236.0000,0.0000,0.0112,0.0001,0.0000,0.0020,0.0020,0.0098,2.0000,0.0083,-0.0000,0.1076,21.9536,11.0000,0.0098,2.0000,0.0000,0.0000,0.0098,4.0000,1.0000,
110,110,0.5859,0.0057,236.8333,2.0000,0.0113,0.0001,0.3333,0.5859,0.5859,0.0244,5.0000,0.0083,-0.0000,0.1492,30.4418,11.0000,0.0244,5.0000,0.0196,4.0000,0.0244,10.0000,1.0000,
111,111,0.6180,0.0000,0.0000,0.0000,0.0050,0.0000,0.0000,0.6180,0.6180,0.0049,1.0000,0.0020,-0.0000,0.0090,1.8333,3.0000,0.0049,1.0000,0.0000,0.0000,0.0049,2.0000,34.0000,
112,112,0.0023,0.0000,0.0000,0.0000,0.0110,0.0001,0.0000,0.0023,0.0023,0.0049,1.0000,0.0083,-0.0000,0.0819,16.7112,15.0000,0.0049,1.0000,0.0000,0.0000,0.0049,2.0000,1.0000,
113,113,0.0000,0.0000,0.0000,0.0000,0.0049,0.0000,0.0000,0.0000,0.0000,0.0000,0.0000,-0.0000,0.0000,0.0000,0.0000,0.0000,0.0000,0.0000,0.0000,0.0000,0.0000,0.0000,44.0000,
114,114,0.0033,0.0000,2.0000,2.0000,0.0110,0.0001,0.3333,0.0033,0.0033,0.0146,3.0000,0.0083,-0.0000,0.0876,17.8779,15.0000,0.0146,3.0000,0.0147,3.0000,0.0147,6.0000,1.0000,
115,115,0.0002,0.0057,236.0000,1.0000,0.0111,0.0001,0.1667,0.0002,0.0002,0.0146,3.0000,0.0083,-0.0000,0.0972,19.8304,13.0000,0.0146,3.0000,0.0098,2.0000,0.0147,6.0000,1.0000,
116,116,0.0000,0.0000,0.0000,0.0000,0.0049,0.0000,0.0000,0.0000,0.0000,0.0000,0.0000,-0.0000,0.0000,0.0000,0.0000,0.0000,0.0000,0.0000,0.0000,0.0000,0.0000,0.0000,45.0000,
117,117,0.0000,0.0000,0.0000,0.0000,0.0049,0.0000,0.0000,1.0000,0.0000,0.0049,1.0000,0.0002,-0.0000,0.0049,1.0000,1.0000,0.0049,1.0000,0.0000,0.0000,0.0049,2.0000,37.0000,
118,118,0.0000,0.0000,0.0000,0.0000,0.0049,0.0000,0.0000,0.0000,0.0000,0.0000,0.0000,-0.0000,0.0000,0.0000,0.0000,0.0000,0.0000,0.0000,0.0000,0.0000,0.0000,0.0000,46.0000,
119,119,0.0000,0.0000,0.0000,0.0000,0.0049,0.0000,0.0000,0.0000,0.0000,0.0000,0.0000,-0.0000,0.0000,0.0000,0.0000,0.0000,0.0000,0.0000,0.0000,0.0000,0.0000,0.0000,47.0000,
120,120,0.0000,0.0000,0.0000,0.0000,0.0049,0.0000,0.0000,0.0000,0.0000,0.0000,0.0000,-0.0000,0.0000,0.0000,0.0000,0.0000,0.0000,0.0000,0.0000,0.0000,0.0000,0.0000,48.0000,
121,121,0.0004,0.0000,0.0000,0.0000,0.0111,0.0001,0.0000,0.0004,0.0004,0.0049,1.0000,0.0083,-0.0000,0.0892,18.1946,12.0000,0.0049,1.0000,0.0000,0.0000,0.0049,2.0000,1.0000,
122,122,0.0000,0.0000,0.0000,0.0000,0.0049,0.0000,0.0000,1.0000,0.0000,0.0049,1.0000,-0.0005,0.0000,0.0049,1.0000,1.0000,0.0049,1.0000,0.0000,0.0000,0.0049,2.0000,9.0000,
123,123,0.0007,0.0982,4065.0479,7.0000,0.0113,0.0001,0.2500,0.0008,0.0007,0.0341,7.0000,0.0083,-0.0000,0.1579,32.2195,11.0000,0.0341,7.0000,0.0294,6.0000,0.0342,14.0000,1.0000,
124,124,0.0444,0.0776,3212.0530,1.0000,0.0113,0.0001,0.1667,0.0444,0.0444,0.0146,3.0000,0.0083,-0.0000,0.1450,29.5881,9.0000,0.0146,3.0000,0.0098,2.0000,0.0147,6.0000,1.0000,
125,125,0.0000,0.0000,0.0000,0.0000,0.0110,0.0001,0.0000,0.0000,0.0000,0.0049,1.0000,0.0083,-0.0000,0.0767,15.6385,14.0000,0.0049,1.0000,0.0000,0.0000,0.0049,2.0000,1.0000,
126,126,0.0000,0.0000,0.0000,0.0000,0.0049,0.0000,0.0000,0.0000,0.0000,0.0000,0.0000,-0.0000,0.0000,0.0000,0.0000,0.0000,0.0000,0.0000,0.0000,0.0000,0.0000,0.0000,49.0000,
127,127,0.5017,0.0144,595.4999,3.0000,0.0113,0.0001,0.2000,0.5017,0.5017,0.0244,5.0000,0.0083,-0.0000,0.1496,30.5085,11.0000,0.0244,5.0000,0.0196,4.0000,0.0244,10.0000,1.0000,
128,128,0.0000,0.0000,0.0000,0.0000,0.0049,0.0000,0.0000,0.0000,0.0000,0.0000,0.0000,-0.0000,0.0000,0.0000,0.0000,0.0000,0.0000,0.0000,0.0000,0.0000,0.0000,0.0000,50.0000,
129,129,0.0135,0.0113,468.0000,1.0000,0.0111,0.0001,0.1667,0.0135,0.0135,0.0146,3.0000,0.0083,-0.0000,0.1039,21.1864,13.0000,0.0146,3.0000,0.0098,2.0000,0.0147,6.0000,1.0000,
130,130,0.0000,0.0000,0.0000,0.0000,0.0049,0.0000,0.0000,0.0000,0.0000,0.0000,0.0000,-0.0000,0.0000,0.0000,0.0000,0.0000,0.0000,0.0000,0.0000,0.0000,0.0000,0.0000,51.0000,
131,131,1.0000,0.0001,4.0000,0.0000,0.0050,0.0000,0.0000,1.0000,1.0000,0.0098,2.0000,0.0020,-0.0000,0.0123,2.5000,2.0000,0.0098,2.0000,0.0000,0.0000,0.0098,4.0000,34.0000,
132,132,0.0577,0.0327,1356.0000,0.0000,0.0112,0.0001,0.0000,0.0577,0.0577,0.0098,2.0000,0.0083,-0.0000,0.1102,22.4849,13.0000,0.0098,2.0000,0.0000,0.0000,0.0098,4.0000,1.0000,
133,133,0.0000,0.0000,0.0000,0.0000,0.0049,0.0000,0.0000,1.0000,0.0000,0.0049,1.0000,-0.0008,0.0000,0.0049,1.0000,1.0000,0.0049,1.0000,0.0000,0.0000,0.0049,2.0000,27.0000,
134,134,0.1591,0.0021,85.2667,0.0000,0.0112,0.0001,0.0000,0.1591,0.1591,0.0146,3.0000,0.0083,-0.0000,0.1220,24.8928,12.0000,0.0146,3.0000,0.0000,0.0000,0.0147,6.0000,1.0000,
135,135,0.0000,0.0000,0.0000,0.0000,0.0049,0.0000,0.0000,0.0000,0.0000,0.0000,0.0000,-0.0000,0.0000,0.0000,0.0000,0.0000,0.0000,0.0000,0.0000,0.0000,0.0000,0.0000,52.0000,
136,136,0.0000,0.0169,700.0000,2.0000,0.0111,0.0001,0.1333,0.0000,0.0000,0.0244,5.0000,0.0083,-0.0000,0.1138,23.2066,15.0000,0.0244,5.0000,0.0196,4.0000,0.0244,10.0000,1.0000,
137,137,0.2773,0.0058,238.3333,2.0000,0.0112,0.0001,0.2000,0.2773,0.2773,0.0195,4.0000,0.0083,-0.0000,0.1255,25.5999,12.0000,0.0195,4.0000,0.0147,3.0000,0.0196,8.0000,1.0000,
138,138,0.0029,0.0057,236.0000,1.0000,0.0110,0.0001,0.1667,0.0029,0.0029,0.0146,3.0000,0.0083,-0.0000,0.0876,17.8779,15.0000,0.0146,3.0000,0.0098,2.0000,0.0147,6.0000,1.0000,
139,139,0.0004,0.0313,1295.4456,4.0000,0.0113,0.0001,0.1905,0.0004,0.0004,0.0293,6.0000,0.0083,-0.0000,0.1510,30.8034,12.0000,0.0293,6.0000,0.0245,5.0000,0.0293,12.0000,1.0000,
140,140,0.0035,0.0625,2590.0525,1.0000,0.0113,0.0001,0.0667,0.0035,0.0035,0.0244,5.0000,0.0083,-0.0000,0.1454,29.6579,10.0000,0.0244,5.0000,0.0098,2.0000,0.0244,10.0000,1.0000,
141,141,0.0000,0.0000,0.0000,0.0000,0.0049,0.0000,0.0000,1.0000,0.0000,0.0049,1.0000,0.0002,-0.0000,0.0049,1.0000,1.0000,0.0049,1.0000,0.0000,0.0000,0.0049,2.0000,41.0000,
142,142,0.0109,0.0113,468.0000,1.0000,0.0113,0.0001,0.1667,0.0109,0.0109,0.0146,3.0000,0.0083,-0.0000,0.1323,26.9861,10.0000,0.0146,3.0000,0.0098,2.0000,0.0147,6.0000,1.0000,
143,143,0.0000,0.0000,0.0000,0.0000,0.0049,0.0000,0.0000,0.0000,0.0000,0.0000,0.0000,-0.0000,0.0000,0.0000,0.0000,0.0000,0.0000,0.0000,0.0000,0.0000,0.0000,0.0000,53.0000,
144,144,0.0000,0.0000,0.0000,0.0000,0.0110,0.0001,0.0000,0.0000,0.0000,0.0049,1.0000,0.0083,-0.0000,0.0799,16.3043,14.0000,0.0049,1.0000,0.0000,0.0000,0.0049,2.0000,1.0000,
145,145,0.0000,0.0000,0.0000,0.0000,0.0049,0.0000,0.0000,0.0000,0.0000,0.0000,0.0000,-0.0000,0.0000,0.0000,0.0000,0.0000,0.0000,0.0000,0.0000,0.0000,0.0000,0.0000,54.0000,
146,146,1.0000,0.0000,0.0000,0.0000,0.0049,0.0000,0.0000,0.7071,1.0000,0.0049,1.0000,0.0012,-0.0000,0.0074,1.5000,2.0000,0.0049,1.0000,0.0000,0.0000,0.0049,2.0000,40.0000,
147,147,0.0933,0.0000,0.0000,0.0000,0.0112,0.0001,0.0000,0.0933,0.0933,0.0049,1.0000,0.0083,-0.0000,0.1118,22.8130,12.0000,0.0049,1.0000,0.0000,0.0000,0.0049,2.0000,1.0000,
148,148,0.0006,0.0000,0.0000,0.0000,0.0112,0.0001,0.0000,0.0006,0.0006,0.0049,1.0000,0.0083,-0.0000,0.1027,20.9573,12.0000,0.0049,1.0000,0.0000,0.0000,0.0049,2.0000,1.0000,
149,149,0.0363,0.1002,4149.9463,0.0000,0.0113,0.0001,0.0000,0.0363,0.0363,0.0146,3.0000,0.0083,-0.0000,0.1381,28.1762,9.0000,0.0146,3.0000,0.0000,0.0000,0.0147,6.0000,1.0000,
150,150,0.3068,0.0379,1571.0001,1.0000,0.0112,0.0001,0.1000,0.3068,0.3068,0.0195,4.0000,0.0083,-0.0000,0.1314,26.7999,12.0000,0.0195,4.0000,0.0098,2.0000,0.0196,8.0000,1.0000,
151,151,0.2713,0.0000,0.0000,1.0000,0.0113,0.0001,0.3333,0.2713,0.2713,0.0098,2.0000,0.0083,-0.0000,0.1345,27.4418,11.0000,0.0098,2.0000,0.0098,2.0000,0.0098,4.0000,1.0000,
152,152,0.0000,0.0000,0.0000,0.0000,0.0049,0.0000,0.0000,0.0000,0.0000,0.0000,0.0000,-0.0000,0.0000,0.0000,0.0000,0.0000,0.0000,0.0000,0.0000,0.0000,0.0000,0.0000,55.0000,
153,153,0.0001,0.0093,386.3167,0.0000,0.0112,0.0001,0.0000,0.0001,0.0001,0.0146,3.0000,0.0083,-0.0000,0.1263,25.7554,14.0000,0.0146,3.0000,0.0000,0.0000,0.0147,6.0000,1.0000,
154,154,0.0000,0.0000,0.0000,0.0000,0.0049,0.0000,0.0000,0.0000,0.0000,0.0000,0.0000,-0.0000,0.0000,0.0000,0.0000,0.0000,0.0000,0.0000,0.0000,0.0000,0.0000,0.0000,56.0000,
155,155,0.0000,0.0000,0.0000,0.0000,0.0049,0.0000,0.0000,1.0000,0.0000,0.0049,1.0000,0.0002,-0.0000,0.0049,1.0000,1.0000,0.0049,1.0000,0.0000,0.0000,0.0049,2.0000,18.0000,
156,156,0.1550,0.0000,0.0000,0.0000,0.0112,0.0001,0.0000,0.1550,0.1550,0.0049,1.0000,0.0083,-0.0000,0.1175,23.9761,12.0000,0.0049,1.0000,0.0000,0.0000,0.0049,2.0000,1.0000,
157,157,0.0003,0.0023,95.1380,4.0000,0.0112,0.0001,0.4000,0.0003,0.0003,0.0195,4.0000,0.0083,-0.0000,0.1304,26.6093,12.0000,0.0195,4.0000,0.0196,4.0000,0.0196,8.0000,1.0000,
158,158,0.0510,0.0244,1011.0000,3.0000,0.0112,0.0001,0.3000,0.0510,0.0510,0.0195,4.0000,0.0083,-0.0000,0.1213,24.7440,12.0000,0.0195,4.0000,0.0196,4.0000,0.0196,8.0000,1.0000,
159,159,0.0000,0.0000,0.0000,0.0000,0.0049,0.0000,0.0000,0.0000,0.0000,0.0000,0.0000,-0.0000,0.0000,0.0000,0.0000,0.0000,0.0000,0.0000,0.0000,0.0000,0.0000,0.0000,57.0000,
160,160,0.0140,0.0913,3782.0532,3.0000,0.0113,0.0001,0.1389,0.0140,0.0140,0.0390,8.0000,0.0083,-0.0000,0.1568,31.9929,10.0000,0.0390,8.0000,0.0343,7.0000,0.0391,16.0000,1.0000,
161,161,0.2209,0.0790,3270.8862,0.0000,0.0113,0.0001,0.0000,0.2209,0.2209,0.0146,3.0000,0.0083,-0.0000,0.1528,31.1806,9.0000,0.0146,3.0000,0.0000,0.0000,0.0147,6.0000,1.0000,
162,162,0.0000,0.0000,0.0000,0.0000,0.0049,0.0000,0.0000,0.0000,0.0000,0.0000,0.0000,-0.0000,0.0000,0.0000,0.0000,0.0000,0.0000,0.0000,0.0000,0.0000,0.0000,0.0000,58.0000,
163,163,0.0000,0.0000,0.0000,0.0000,0.0049,0.0000,0.0000,0.0000,0.0000,0.0000,0.0000,-0.0000,0.0000,0.0000,0.0000,0.0000,0.0000,0.0000,0.0000,0.0000,0.0000,0.0000,59.0000,
164,164,0.0000,0.0000,0.0000,1.0000,0.0111,0.0001,0.5000,0.0000,0.0000,0.0146,3.0000,0.0083,-0.0000,0.1051,21.4399,15.0000,0.0146,3.0000,0.0147,3.0000,0.0147,6.0000,1.0000,
165,165,0.0073,0.1180,4885.9468,0.0000,0.0113,0.0001,0.0000,0.0073,0.0073,0.0195,4.0000,0.0083,-0.0000,0.1410,28.7690,10.0000,0.0195,4.0000,0.0000,0.0000,0.0196,8.0000,1.0000,
166,166,0.0025,0.0000,0.0000,0.0000,0.0112,0.0001,0.0000,0.0025,0.0025,0.0049,1.0000,0.0083,-0.0000,0.1160,23.6703,11.0000,0.0049,1.0000,0.0000,0.0000,0.0049,2.0000,1.0000,
167,167,1.0000,0.0000,0.0000,0.0000,0.0050,0.0000,0.0000,0.5774,1.0000,0.0049,1.0000,0.0005,-0.0000,0.0098,2.0000,2.0000,0.0049,1.0000,0.0000,0.0000,0.0049,2.0000,11.0000,
168,168,0.0000,0.0000,0.0000,0.0000,0.0049,0.0000,0.0000,0.0000,0.0000,0.0000,0.0000,-0.0000,0.0000,0.0000,0.0000,0.0000,0.0000,0.0000,0.0000,0.0000,0.0000,0.0000,60.0000,
169,169,0.0000,0.0000,0.0000,0.0000,0.0049,0.0000,0.0000,0.0000,0.0000,0.0000,0.0000,-0.0000,0.0000,0.0000,0.0000,0.0000,0.0000,0.0000,0.0000,0.0000,0.0000,0.0000,61.0000,
170,170,0.0000,0.0000,0.0000,0.0000,0.0111,0.0001,0.0000,0.0000,0.0000,0.0049,1.0000,0.0083,-0.0000,0.0987,20.1399,15.0000,0.0049,1.0000,0.0000,0.0000,0.0049,2.0000,1.0000,
171,171,0.0000,0.0000,0.0000,0.0000,0.0049,0.0000,0.0000,0.0000,0.0000,0.0000,0.0000,-0.0000,0.0000,0.0000,0.0000,0.0000,0.0000,0.0000,0.0000,0.0000,0.0000,0.0000,62.0000,
172,172,0.0000,0.0000,0.0000,0.0000,0.0049,0.0000,0.0000,0.0000,0.0000,0.0000,0.0000,-0.0000,0.0000,0.0000,0.0000,0.0000,0.0000,0.0000,0.0000,0.0000,0.0000,0.0000,63.0000,
173,173,0.0000,0.0001,4.0000,2.0000,0.0111,0.0001,0.4000,0.0000,0.0000,0.0195,4.0000,0.0083,-0.0000,0.1084,22.1066,15.0000,0.0195,4.0000,0.0196,4.0000,0.0196,8.0000,1.0000,
174,174,0.1807,0.0000,0.0000,0.0000,0.0113,0.0001,0.0000,0.1807,0.1807,0.0049,1.0000,0.0083,-0.0000,0.1298,26.4847,11.0000,0.0049,1.0000,0.0000,0.0000,0.0049,2.0000,1.0000,
175,175,0.0000,0.0000,0.0000,0.0000,0.0049,0.0000,0.0000,0.0000,0.0000,0.0000,0.0000,-0.0000,0.0000,0.0000,0.0000,0.0000,0.0000,0.0000,0.0000,0.0000,0.0000,0.0000,64.0000,
176,176,0.0000,0.0000,0.0000,0.0000,0.0111,0.0001,0.0000,0.0000,0.0000,0.0049,1.0000,0.0083,-0.0000,0.1015,20.7066,15.0000,0.0049,1.0000,0.0000,0.0000,0.0049,2.0000,1.0000,
177,177,0.0000,0.0000,0.0000,0.0000,0.0049,0.0000,0.0000,0.0000,0.0000,0.0000,0.0000,-0.0000,0.0000,0.0000,0.0000,0.0000,0.0000,0.0000,0.0000,0.0000,0.0000,0.0000,65.0000,
178,178,0.0015,0.0933,3861.9465,0.0000,0.0113,0.0001,0.0000,0.0015,0.0015,0.0146,3.0000,0.0083,-0.0000,0.1402,28.5964,10.0000,0.0146,3.0000,0.0000,0.0000,0.0147,6.0000,1.0000,
179,179,0.3464,0.0041,169.0334,2.0000,0.0112,0.0001,0.2000,0.3464,0.3464,0.0195,4.0000,0.0083,-0.0000,0.1320,26.9333,12.0000,0.0195,4.0000,0.0147,3.0000,0.0196,8.0000,1.0000,
180,180,0.0005,0.0000,0.0000,0.0000,0.0109,0.0001,0.0000,0.0005,0.0005,0.0049,1.0000,0.0083,-0.0000,0.0725,14.7856,16.0000,0.0049,1.0000,0.0000,0.0000,0.0049,2.0000,1.0000,
181,181,1.0000,0.0000,0.0000,0.0000,0.0049,0.0000,0.0000,0.7071,1.0000,0.0049,1.0000,-0.0012,0.0000,0.0074,1.5000,2.0000,0.0049,1.0000,0.0000,0.0000,0.0049,2.0000,8.0000,
182,182,0.0000,0.0000,2.0000,0.0000,0.0049,0.0000,0.0000,1.0000,0.0000,0.0098,2.0000,-0.0012,0.0000,0.0098,2.0000,1.0000,0.0098,2.0000,0.0000,0.0000,0.0098,4.0000,8.0000,
183,183,0.2225,0.0013,51.8333,1.0000,0.0112,0.0001,0.1667,0.2225,0.2225,0.0146,3.0000,0.0083,-0.0000,0.1305,26.6196,11.0000,0.0146,3.0000,0.0098,2.0000,0.0147,6.0000,1.0000,
184,184,0.0000,0.0000,0.0000,0.0000,0.0049,0.0000,0.0000,0.0000,0.0000,0.0000,0.0000,-0.0000,0.0000,0.0000,0.0000,0.0000,0.0000,0.0000,0.0000,0.0000,0.0000,0.0000,66.0000,
185,185,0.0125,0.0278,1150.0000,2.0000,0.0111,0.0001,0.1333,0.0125,0.0125,0.0244,5.0000,0.0083,-0.0000,0.1034,21.0973,14.0000,0.0244,5.0000,0.0147,3.0000,0.0244,10.0000,1.0000,
186,186,0.0066,0.0000,0.0000,0.0000,0.0112,0.0001,0.0000,0.0066,0.0066,0.0049,1.0000,0.0083,-0.0000,0.1091,22.2508,10.0000,0.0049,1.0000,0.0000,0.0000,0.0049,2.0000,1.0000,
187,187,0.0015,0.0385,1596.0000,0.0000,0.0112,0.0001,0.0000,0.0015,0.0015,0.0195,4.0000,0.0083,-0.0000,0.1232,25.1386,11.0000,0.0195,4.0000,0.0000,0.0000,0.0196,8.0000,1.0000,
188,188,0.0000,0.0000,0.0000,0.0000,0.0049,0.0000,0.0000,0.0000,0.0000,0.0000,0.0000,-0.0000,0.0000,0.0000,0.0000,0.0000,0.0000,0.0000,0.0000,0.0000,0.0000,0.0000,67.0000,
189,189,0.0005,0.0511,2117.2002,6.0000,0.0113,0.0001,0.2143,0.0005,0.0005,0.0341,7.0000,0.0083,-0.0000,0.1582,32.2712,12.0000,0.0341,7.0000,0.0343,7.0000,0.0342,14.0000,1.0000,
190,190,0.1784,0.0076,316.5191,1.0000,0.0113,0.0001,0.1000,0.1784,0.1784,0.0195,4.0000,0.0083,-0.0000,0.1348,27.5028,10.0000,0.0195,4.0000,0.0098,2.0000,0.0196,8.0000,1.0000,
191,191,0.0001,0.0000,0.0000,1.0000,0.0112,0.0001,0.3333,0.0002,0.0001,0.0098,2.0000,0.0083,-0.0000,0.1281,26.1374,13.0000,0.0098,2.0000,0.0098,2.0000,0.0098,4.0000,1.0000,
192,192,0.0000,0.0000,2.0000,0.0000,0.0049,0.0000,0.0000,1.0000,0.0000,0.0098,2.0000,0.0012,-0.0000,0.0098,2.0000,1.0000,0.0098,2.0000,0.0000,0.0000,0.0098,4.0000,40.0000,
193,193,0.0001,0.0000,0.0000,0.0000,0.0112,0.0001,0.0000,0.0001,0.0001,0.0049,1.0000,0.0083,-0.0000,0.1126,22.9616,13.0000,0.0049,1.0000,0.0000,0.0000,0.0049,2.0000,1.0000,
194,194,0.0033,0.0057,236.0000,1.0000,0.0113,0.0001,0.1667,0.0033,0.0033,0.0146,3.0000,0.0083,-0.0000,0.1300,26.5271,11.0000,0.0146,3.0000,0.0098,2.0000,0.0147,6.0000,1.0000,
195,195,0.0490,0.0081,336.0000,2.0000,0.0112,0.0001,0.3333,0.0490,0.0490,0.0146,3.0000,0.0083,-0.0000,0.1176,23.9940,12.0000,0.0146,3.0000,0.0147,3.0000,0.0147,6.0000,1.0000,
196,196,0.0913,0.0001,4.0000,0.0000,0.0111,0.0001,0.0000,0.0913,0.0913,0.0098,2.0000,0.0083,-0.0000,0.1076,21.9444,13.0000,0.0098,2.0000,0.0000,0.0000,0.0098,4.0000,1.0000,
197,197,0.0000,0.0000,0.0000,0.0000,0.0049,0.0000,0.0000,0.0000,0.0000,0.0000,0.0000,-0.0000,0.0000,0.0000,0.0000,0.0000,0.0000,0.0000,0.0000,0.0000,0.0000,0.0000,68.0000,
198,198,0.0007,0.0000,0.0000,0.0000,0.0110,0.0001,0.0000,0.0007,0.0007,0.0049,1.0000,0.0083,-0.0000,0.0747,15.2327,15.0000,0.0049,1.0000,0.0000,0.0000,0.0049,2.0000,1.0000,
199,199,0.0013,0.0000,0.0000,0.0000,0.0112,0.0001,0.0000,0.0013,0.0013,0.0049,1.0000,0.0083,-0.0000,0.1097,22.3719,11.0000,0.0049,1.0000,0.0000,0.0000,0.0049,2.0000,1.0000,
200,200,0.0000,0.0000,0.0000,0.0000,0.0111,0.0001,0.0000,0.0000,0.0000,0.0049,1.0000,0.0083,-0.0000,0.0841,17.1601,13.0000,0.0049,1.0000,0.0000,0.0000,0.0049,2.0000,1.0000,
201,201,0.0001,0.0000,0.0000,1.0000,0.0112,0.0001,0.3333,0.0001,0.0001,0.0098,2.0000,0.0083,-0.0000,0.1267,25.8504,13.0000,0.0098,2.0000,0.0098,2.0000,0.0098,4.0000,1.0000,
202,202,0.0000,0.0000,0.0000,0.0000,0.0111,0.0001,0.0000,0.0000,0.0000,0.0049,1.0000,0.0083,-0.0000,0.0890,18.1509,16.0000,0.0049,1.0000,0.0000,0.0000,0.0049,2.0000,1.0000,
203,203,0.0000,0.0000,0.0000,0.0000,0.0049,0.0000,0.0000,0.0000,0.0000,0.0000,0.0000,-0.0000,0.0000,0.0000,0.0000,0.0000,0.0000,0.0000,0.0000,0.0000,0.0000,0.0000,69.0000,
204,204,0.0001,0.0113,470.0000,0.0000,0.0111,0.0001,0.0000,0.0001,0.0001,0.0146,3.0000,0.0083,-0.0000,0.0920,18.7601,13.0000,0.0146,3.0000,0.0000,0.0000,0.0147,6.0000,1.0000,
205,205,0.0000,0.0000,0.0000,0.0000,0.0110,0.0001,0.0000,0.0000,0.0000,0.0049,1.0000,0.0083,-0.0000,0.0807,16.4710,14.0000,0.0049,1.0000,0.0000,0.0000,0.0049,2.0000,1.0000,

,GINI-COEFFICIENT,0.8681,0.8609,0.8609,0.7797,0.1803,0.1803,0.7346,0.8126,0.8681,0.5469,0.5469,0.3996,0.3996,0.4702,0.4702,0.4401,0.5469,0.5469,0.7444,0.7444,0.5469,0.5469,0.6769,
,HERFINDAHL-INDEX,0.0294,0.0311,0.0311,0.0175,0.0006,0.0006,0.0118,0.0187,0.0294,0.0057,0.0057,0.0031,0.0031,0.0036,0.0036,0.0032,0.0057,0.0057,0.0132,0.0132,0.0057,0.0057,0.0096,
,BRILLOUIN-INDEX,0.7051,0.4253,0.4253,0.2459,0.7503,0.7503,0.3110,0.7525,0.7051,0.4065,0.4065,0.6984,0.6984,0.7592,0.7592,0.4747,0.4065,0.4065,0.2589,0.2589,0.4065,0.4065,0.4684,
